id,sku,name,brand,reference,equivalentReference,category,description,image,alt,source,sourcePage,status
partmo-a-105,A-105,Filtro de aceite Partmo A-105,Partmo,A-105,51810,Filtros de aceite,Filtro Aceite Flujo Completo Motores Detroit Diesel 3-53 (81- 93),/catalogo-filtros-diesel/partmo-a-105-filtro-aceite.png,"Filtro de aceite Partmo A-105, referencia A-105, equivalencia 51810",98590929-Catalogo-de-Filtros-Diesel.pdf,1,ready
partmo-a-116,A-116,Filtro de aceite Partmo A-116,Partmo,A-116,51670 / 51870,Filtros de aceite,Filtro Aceite Flujo Completo Motores Cummins NH y NT,/catalogo-filtros-diesel/partmo-a-116-filtro-aceite.png,"Filtro de aceite Partmo A-116, referencia A-116, equivalencia 51670 / 51870",98590929-Catalogo-de-Filtros-Diesel.pdf,1,ready
partmo-a-116c,A-116C,Filtro de aceite Partmo A-116C,Partmo,A-116C,51671,Filtros de aceite,"Filtro Aceite Flujo Completo Cummins 3302026, Motores V6- 150/V8-210/V-225/V- 555",/catalogo-filtros-diesel/partmo-a-116c-filtro-aceite.png,"Filtro de aceite Partmo A-116C, referencia A-116C, equivalencia 51671",98590929-Catalogo-de-Filtros-Diesel.pdf,1,ready
partmo-a-205,A-205,Filtro de aceite Partmo A-205,Partmo,A-205,,Filtros de aceite,"Filtro Aceite Flujo Completo Motores Cummins, 6C 8.3 y VT-209 ( ) FSR, FTR, FVR HINO FB1JJ/FC4J",/catalogo-filtros-diesel/partmo-a-205-filtro-aceite.png,"Filtro de aceite Partmo A-205, referencia A-205",98590929-Catalogo-de-Filtros-Diesel.pdf,1,ready
partmo-a-22,A-22,Filtro de aceite Partmo A-22,Partmo,A-22,51714,Filtros de aceite,Filtro Aceite Flujo Completo Toyota Coaster / GF (FIAT OM70-OM80) – IVECO135-14 -17,/catalogo-filtros-diesel/partmo-a-22-filtro-aceite.png,"Filtro de aceite Partmo A-22, referencia A-22, equivalencia 51714",98590929-Catalogo-de-Filtros-Diesel.pdf,1,ready
partmo-a-221,A-221,Filtro de aceite Partmo A-221,Partmo,A-221,51627,Filtros de aceite,Filtro Aceite Flujo Completo Camiones Fiat 673 N; Tractores Fiat 650 y 750 (Toyota 2H Diesel),/catalogo-filtros-diesel/partmo-a-221-filtro-aceite.png,"Filtro de aceite Partmo A-221, referencia A-221, equivalencia 51627",98590929-Catalogo-de-Filtros-Diesel.pdf,1,ready
partmo-a-26,A-26,Filtro de aceite Partmo A-26,Partmo,A-26,51243,Filtros de aceite,"Filtro Aceite Flujo Completo John Deer Tractores: Jd600, Jd830, Jd920",/catalogo-filtros-diesel/partmo-a-26-filtro-aceite.png,"Filtro de aceite Partmo A-26, referencia A-26, equivalencia 51243",98590929-Catalogo-de-Filtros-Diesel.pdf,1,ready
partmo-a-267,A-267,Filtro de aceite Partmo A-267,Partmo,A-267,51411,Filtros de aceite,"Filtro Aceite Flujo Completo Camiones / Allis Chalmer 3500, 3500Mk li, D5Nn- 6714-A",/catalogo-filtros-diesel/partmo-a-267-filtro-aceite.png,"Filtro de aceite Partmo A-267, referencia A-267, equivalencia 51411",98590929-Catalogo-de-Filtros-Diesel.pdf,1,ready
partmo-a-291,A-291,Filtro de aceite Partmo A-291,Partmo,A-291,51387,Filtros de aceite,Filtro Aceite Flujo Parcial Mitsubishi Canter,/catalogo-filtros-diesel/partmo-a-291-filtro-aceite.png,"Filtro de aceite Partmo A-291, referencia A-291, equivalencia 51387",98590929-Catalogo-de-Filtros-Diesel.pdf,2,ready
partmo-a-309,A-309,Filtro de aceite Partmo A-309,Partmo,A-309,51747,Filtros de aceite,"Filtro Aceite Flujo Completo Motor IHC, DT 466",/catalogo-filtros-diesel/partmo-a-309-filtro-aceite.png,"Filtro de aceite Partmo A-309, referencia A-309, equivalencia 51747",98590929-Catalogo-de-Filtros-Diesel.pdf,2,ready
partmo-a-339,A-339,Filtro de aceite Partmo A-339,Partmo,A-339,51607,Filtros de aceite,Filtro Aceite Flujo Completo motores Cummins / Case 6 Cilindros,/catalogo-filtros-diesel/partmo-a-339-filtro-aceite.png,"Filtro de aceite Partmo A-339, referencia A-339, equivalencia 51607",98590929-Catalogo-de-Filtros-Diesel.pdf,2,ready
partmo-a-342,A-342,Filtro hidráulico Partmo A-342,Partmo,A-342,51158,Filtros hidráulicos,"Filtro Aceite Hidráulico Ford Tractores LT11, LT110, LT111, LT11H, LT75, LT8 , T80, LT81, LT85, 4100, 4600, 5600",/catalogo-filtros-diesel/partmo-a-342-filtro-hidraulico.png,"Filtro hidráulico Partmo A-342, referencia A-342, equivalencia 51158",98590929-Catalogo-de-Filtros-Diesel.pdf,2,ready
partmo-a-343,A-343,Filtro de aceite Partmo A-343,Partmo,A-343,51776,Filtros de aceite,"Filtro Aceite Flujo Completo Equipos Ford, Tractores Tw5, Tw10 20,24/Diesel,Tw15,Tw25",/catalogo-filtros-diesel/partmo-a-343-filtro-aceite.png,"Filtro de aceite Partmo A-343, referencia A-343, equivalencia 51776",98590929-Catalogo-de-Filtros-Diesel.pdf,2,ready
partmo-a-349,A-349,Filtro de aceite Partmo A-349,Partmo,A-349,51832,Filtros de aceite,"Filtro Aceite Flujo Completo Fiat: Tractores 8365, 1580, 1580Dt",/catalogo-filtros-diesel/partmo-a-349-filtro-aceite.png,"Filtro de aceite Partmo A-349, referencia A-349, equivalencia 51832",98590929-Catalogo-de-Filtros-Diesel.pdf,2,ready
partmo-a-354,A-354,Filtro de aceite Partmo A-354,Partmo,A-354,51712,Filtros de aceite,Filtro Aceite Flujo Completo Camiones Ford 8000 Electrónico (01-02) Misil,/catalogo-filtros-diesel/partmo-a-354-filtro-aceite.png,"Filtro de aceite Partmo A-354, referencia A-354, equivalencia 51712",98590929-Catalogo-de-Filtros-Diesel.pdf,2,ready
partmo-a-355,A-355,Filtro de aceite Partmo A-355,Partmo,A-355,51774,Filtros de aceite,Filtro Aceite Flujo Completo Tractores Ford Tw30,/catalogo-filtros-diesel/partmo-a-355-filtro-aceite.png,"Filtro de aceite Partmo A-355, referencia A-355, equivalencia 51774",98590929-Catalogo-de-Filtros-Diesel.pdf,2,ready
partmo-a-355c,A-355C,Filtro de aceite Partmo A-355C,Partmo,A-355C,51774,Filtros de aceite,Filtro Aceite Flujo Completo Tractores Ford Tw30,/catalogo-filtros-diesel/partmo-a-355c-filtro-aceite.png,"Filtro de aceite Partmo A-355C, referencia A-355C, equivalencia 51774",98590929-Catalogo-de-Filtros-Diesel.pdf,2,ready
partmo-a-371-10,A-371-10,Filtro hidráulico Partmo A-371-10,Partmo,A-371-10,51203,Filtros hidráulicos,"Filtro Aceite Hidráulico CASE equipos p/construcción W4, perforadoras DH4B, Tractores 3588",/catalogo-filtros-diesel/partmo-a-371-10-filtro-hidraulico.png,"Filtro hidráulico Partmo A-371-10, referencia A-371-10, equivalencia 51203",98590929-Catalogo-de-Filtros-Diesel.pdf,3,ready
partmo-a-4041,A-4041,Filtro de aceite Partmo A-4041,Partmo,A-4041,51785,Filtros de aceite,Filtro Aceite auto y camperos Suzuki 4 tiempos / Daewoo Matiz,/catalogo-filtros-diesel/partmo-a-4041-filtro-aceite.png,"Filtro de aceite Partmo A-4041, referencia A-4041, equivalencia 51785",98590929-Catalogo-de-Filtros-Diesel.pdf,3,ready
partmo-a-4048,A-4048,Filtro de aceite Partmo A-4048,Partmo,A-4048,51725 / 51829,Filtros de aceite,Filtro Aceite Flujo Completo Camiones Mazda Turbo T-45 Diesel (HINO DUTRO300),/catalogo-filtros-diesel/partmo-a-4048-filtro-aceite.png,"Filtro de aceite Partmo A-4048, referencia A-4048, equivalencia 51725 / 51829",98590929-Catalogo-de-Filtros-Diesel.pdf,3,ready
partmo-a-4049,A-4049,Filtro de aceite Partmo A-4049,Partmo,A-4049,51999,Filtros de aceite,Filtro Aceite Flujo Parcial Camiones Mazda Turbo T-45 Diesel,/catalogo-filtros-diesel/partmo-a-4049-filtro-aceite.png,"Filtro de aceite Partmo A-4049, referencia A-4049, equivalencia 51999",98590929-Catalogo-de-Filtros-Diesel.pdf,3,ready
partmo-a-4051,A-4051,Filtro de aceite Partmo A-4051,Partmo,A-4051,NPR 22x1.5,Filtros de aceite,Filtro Aceite Flujo Completo Camiones NPR-NA 5.9L Chevrolet,/catalogo-filtros-diesel/partmo-a-4051-filtro-aceite.png,"Filtro de aceite Partmo A-4051, referencia A-4051, equivalencia NPR 22x1.5",98590929-Catalogo-de-Filtros-Diesel.pdf,3,ready
partmo-a-4052,A-4052,Filtro de aceite Partmo A-4052,Partmo,A-4052,51389,Filtros de aceite,Filtro Aceite Flujo Parcial Camiones NPR-NA 5.9L Chevrolet,/catalogo-filtros-diesel/partmo-a-4052-filtro-aceite.png,"Filtro de aceite Partmo A-4052, referencia A-4052, equivalencia 51389",98590929-Catalogo-de-Filtros-Diesel.pdf,3,ready
partmo-a-408,A-408,Filtro de aceite Partmo A-408,Partmo,A-408,51799,Filtros de aceite,"Filtro Aceite Flujo Completo International Camiones 4700 Diesel/DT466, DT408",/catalogo-filtros-diesel/partmo-a-408-filtro-aceite.png,"Filtro de aceite Partmo A-408, referencia A-408, equivalencia 51799",98590929-Catalogo-de-Filtros-Diesel.pdf,3,ready
partmo-a-427,A-427,Filtro de aceite Partmo A-427,Partmo,A-427,51602,Filtros de aceite,Filtro Aceite Flujo Completo Motores Cummins Case 4 Cilindros (CARGO 815) JAC HK6730,/catalogo-filtros-diesel/partmo-a-427-filtro-aceite.png,"Filtro de aceite Partmo A-427, referencia A-427, equivalencia 51602",98590929-Catalogo-de-Filtros-Diesel.pdf,3,ready
partmo-a-432,A-432,Filtro de aceite Partmo A-432,Partmo,A-432,,Filtros de aceite,Filtro Aceite Flujo Completo Motores Isuzu Diesel 4Bd1,/catalogo-filtros-diesel/partmo-a-432-filtro-aceite.png,"Filtro de aceite Partmo A-432, referencia A-432",98590929-Catalogo-de-Filtros-Diesel.pdf,3,ready
partmo-a-4731,A-4731,Filtro de aceite Partmo A-4731,Partmo,A-4731,51386,Filtros de aceite,Filtro Aceite Flujo Completo Camiones Hyundai Turbo 4.5Lts Diesel Chorus H250,/catalogo-filtros-diesel/partmo-a-4731-filtro-aceite.png,"Filtro de aceite Partmo A-4731, referencia A-4731, equivalencia 51386",98590929-Catalogo-de-Filtros-Diesel.pdf,4,ready
partmo-a-447,A-447,Filtro de aceite Partmo A-447,Partmo,A-447,51596,Filtros de aceite,Filtro Aceite Flujo Completo JAC camiones KING CAB 4.5,/catalogo-filtros-diesel/partmo-a-447-filtro-aceite.png,"Filtro de aceite Partmo A-447, referencia A-447, equivalencia 51596",98590929-Catalogo-de-Filtros-Diesel.pdf,4,ready
partmo-a-48,A-48,Filtro de aceite Partmo A-48,Partmo,A-48,51275,Filtros de aceite,Filtro Aceite Flujo Completo Tractores Inter Harvester; Tractores Case 1150/1150B,/catalogo-filtros-diesel/partmo-a-48-filtro-aceite.png,"Filtro de aceite Partmo A-48, referencia A-48, equivalencia 51275",98590929-Catalogo-de-Filtros-Diesel.pdf,4,ready
partmo-a-494,A-494,Filtro de aceite Partmo A-494,Partmo,A-494,,Filtros de aceite,Filtro Aceite Flujo Parcial Isuzu: Camión NPR con/W 4Bd1T,/catalogo-filtros-diesel/partmo-a-494-filtro-aceite.png,"Filtro de aceite Partmo A-494, referencia A-494",98590929-Catalogo-de-Filtros-Diesel.pdf,4,ready
partmo-a-495,A-495,Filtro de aceite Partmo A-495,Partmo,A-495,51971,Filtros de aceite,"Filtro Aceite Flujo Completo Detroit Diesel Motores Serie 50, 60 Freightliner CL120, International Eagle",/catalogo-filtros-diesel/partmo-a-495-filtro-aceite.png,"Filtro de aceite Partmo A-495, referencia A-495, equivalencia 51971",98590929-Catalogo-de-Filtros-Diesel.pdf,4,ready
partmo-a-54,A-54,Filtro de aceite Partmo A-54,Partmo,A-54,51261,Filtros de aceite,"Filtro Aceite Flujo Completo Ford C-700, F700, Ln7000, F8000 F9000, CAT D4",/catalogo-filtros-diesel/partmo-a-54-filtro-aceite.png,"Filtro de aceite Partmo A-54, referencia A-54, equivalencia 51261",98590929-Catalogo-de-Filtros-Diesel.pdf,4,ready
partmo-a-6000,A-6000,Filtro hidráulico Partmo A-6000,Partmo,A-6000,LFH-8882 / 30606000,Filtros hidráulicos,"Filtro Aceite Hidráulico VALMET Tractores 1180, 1380; equipos BM 100, 110, 120",/catalogo-filtros-diesel/partmo-a-6000-filtro-hidraulico.png,"Filtro hidráulico Partmo A-6000, referencia A-6000, equivalencia LFH-8882 / 30606000",98590929-Catalogo-de-Filtros-Diesel.pdf,4,ready
partmo-a-67,A-67,Filtro de aceite Partmo A-67,Partmo,A-67,51791,Filtros de aceite,Filtro Aceite Flujo Completo Mack 485 Gb- 3191; Caterpillar 2P- 4004,/catalogo-filtros-diesel/partmo-a-67-filtro-aceite.png,"Filtro de aceite Partmo A-67, referencia A-67, equivalencia 51791",98590929-Catalogo-de-Filtros-Diesel.pdf,4,ready
partmo-a-69,A-69,Filtro de aceite Partmo A-69,Partmo,A-69,51792,Filtros de aceite,Filtro Aceite Flujo Completo Motores Caterpillar 2P 4005,/catalogo-filtros-diesel/partmo-a-69-filtro-aceite.png,"Filtro de aceite Partmo A-69, referencia A-69, equivalencia 51792",98590929-Catalogo-de-Filtros-Diesel.pdf,4,ready
partmo-a-7039,A-7039,Filtro de aceite Partmo A-7039,Partmo,A-7039,51734,Filtros de aceite,"Filtro Aceite Flujo Completo International 4700 / T444E. Hino Camiones PJ, FF",/catalogo-filtros-diesel/partmo-a-7039-filtro-aceite.png,"Filtro de aceite Partmo A-7039, referencia A-7039, equivalencia 51734",98590929-Catalogo-de-Filtros-Diesel.pdf,4,ready
partmo-a-710,A-710,Filtro de aceite Partmo A-710,Partmo,A-710,51710,Filtros de aceite,"Filtro Aceite Flujo Completo Pegaso, Camiones Venezolanos (FVR-FTR)",/catalogo-filtros-diesel/partmo-a-710-filtro-aceite.png,"Filtro de aceite Partmo A-710, referencia A-710, equivalencia 51710",98590929-Catalogo-de-Filtros-Diesel.pdf,5,ready
partmo-a-7125,A-7125,Filtro de aceite Partmo A-7125,Partmo,A-7125,57243,Filtros de aceite,"Filtro Aceite Flujo Completo John Deere Esparsoras Serie 6700, 6700S",/catalogo-filtros-diesel/partmo-a-7125-filtro-aceite.png,"Filtro de aceite Partmo A-7125, referencia A-7125, equivalencia 57243",98590929-Catalogo-de-Filtros-Diesel.pdf,5,ready
partmo-a-7133,A-7133,Filtro de aceite Partmo A-7133,Partmo,A-7133,57580 / B7179,Filtros de aceite,"Filtro Aceite Flujo Completo Caterpillar Challenger Mt635, Mt645",/catalogo-filtros-diesel/partmo-a-7133-filtro-aceite.png,"Filtro de aceite Partmo A-7133, referencia A-7133, equivalencia 57580 / B7179",98590929-Catalogo-de-Filtros-Diesel.pdf,5,ready
partmo-a-7685,A-7685,Filtro de aceite Partmo A-7685,Partmo,A-7685,51660,Filtros de aceite,"Filtro Aceite Flujo Parcial Volvo Buses camiones Mod. FI7, FI10, Fs10, F16, Fh16",/catalogo-filtros-diesel/partmo-a-7685-filtro-aceite.png,"Filtro de aceite Partmo A-7685, referencia A-7685, equivalencia 51660",98590929-Catalogo-de-Filtros-Diesel.pdf,5,ready
partmo-a-777,A-777,Filtro de aceite Partmo A-777,Partmo,A-777,51749,Filtros de aceite,Filtro Aceite Flujo Parcial Chevroler Super Brigadier / Cummins,/catalogo-filtros-diesel/partmo-a-777-filtro-aceite.png,"Filtro de aceite Partmo A-777, referencia A-777, equivalencia 51749",98590929-Catalogo-de-Filtros-Diesel.pdf,5,ready
partmo-a-810,A-810,Filtro de aceite Partmo A-810,Partmo,A-810,Chengdu JX0810,Filtros de aceite,Filtro Aceite Flujo Completo Chencai - Chengdu Camiones Pequeños Serie 490,/catalogo-filtros-diesel/partmo-a-810-filtro-aceite.png,"Filtro de aceite Partmo A-810, referencia A-810, equivalencia Chengdu JX0810",98590929-Catalogo-de-Filtros-Diesel.pdf,5,ready
partmo-a-812,A-812,Filtro de aceite Partmo A-812,Partmo,A-812,,Filtros de aceite,Filtro Aceite Flujo Completo Chencai - Chengdu Camiones Pequeños Serie 490,/catalogo-filtros-diesel/partmo-a-812-filtro-aceite.png,"Filtro de aceite Partmo A-812, referencia A-812",98590929-Catalogo-de-Filtros-Diesel.pdf,5,ready
partmo-a-84,A-84,Filtro de aceite Partmo A-84,Partmo,A-84,51794,Filtros de aceite,Filtro Aceite Flujo Completo Chevrolet B- 60 y C-70; Camiones GMC 1973 KODIAK Gasolina V8- 6000,/catalogo-filtros-diesel/partmo-a-84-filtro-aceite.png,"Filtro de aceite Partmo A-84, referencia A-84, equivalencia 51794",98590929-Catalogo-de-Filtros-Diesel.pdf,5,ready
partmo-a-840,A-840,Filtro de aceite Partmo A-840,Partmo,A-840,51825,Filtros de aceite,Filtro Aceite Flujo Completo Agrale: Microbus Ma 6.0 TCA VOLKSWAGEN Serie 15- 17,/catalogo-filtros-diesel/partmo-a-840-filtro-aceite.png,"Filtro de aceite Partmo A-840, referencia A-840, equivalencia 51825",98590929-Catalogo-de-Filtros-Diesel.pdf,5,ready
partmo-a-988,A-988,Filtro de aceite Partmo A-988,Partmo,A-988,51988,Filtros de aceite,Filtro Aceite Flujo Completo Isuzu: Camiones / Diesel,/catalogo-filtros-diesel/partmo-a-988-filtro-aceite.png,"Filtro de aceite Partmo A-988, referencia A-988, equivalencia 51988",98590929-Catalogo-de-Filtros-Diesel.pdf,6,ready
partmo-a-9n5570,A-9N5570,Filtro de aceite Partmo A-9N5570,Partmo,A-9N5570,51268,Filtros de aceite,Filtro Aceite Flujo Completo Tractores de rueda Caterpillar Mod. 613 B (F8000-F9000 CAT),/catalogo-filtros-diesel/partmo-a-9n5570-filtro-aceite.png,"Filtro de aceite Partmo A-9N5570, referencia A-9N5570, equivalencia 51268",98590929-Catalogo-de-Filtros-Diesel.pdf,6,ready
partmo-a-9n6007,A-9N6007,Filtro de aceite Partmo A-9N6007,Partmo,A-9N6007,51376,Filtros de aceite,Filtro Aceite Flujo Completo Detroit Diesel. Caterpillar 9N-6007,/catalogo-filtros-diesel/partmo-a-9n6007-filtro-aceite.png,"Filtro de aceite Partmo A-9N6007, referencia A-9N6007, equivalencia 51376",98590929-Catalogo-de-Filtros-Diesel.pdf,6,ready
partmo-ad-092,AD-092,Filtro de aceite Partmo AD-092,Partmo,AD-092,51067,Filtros de aceite,Filtro Aceite Flujo Dual Kia Hi Besta 2.7Lts Diesel,/catalogo-filtros-diesel/partmo-ad-092-filtro-aceite.png,"Filtro de aceite Partmo AD-092, referencia AD-092, equivalencia 51067",98590929-Catalogo-de-Filtros-Diesel.pdf,6,ready
partmo-ad-1403,AD-1403,Filtro de aceite Partmo AD-1403,Partmo,AD-1403,51674,Filtros de aceite,"Filtro Aceite Flujo Dual Nissan Camiones Turbo Ud2600, Ud2800",/catalogo-filtros-diesel/partmo-ad-1403-filtro-aceite.png,"Filtro de aceite Partmo AD-1403, referencia AD-1403, equivalencia 51674",98590929-Catalogo-de-Filtros-Diesel.pdf,6,ready
partmo-ad-142,AD-142,Filtro de aceite Partmo AD-142,Partmo,AD-142,51094 / 59209,Filtros de aceite,Filtro Aceite Flujo Dual Chevrolet camiones Serie NKR / Isuzu,/catalogo-filtros-diesel/partmo-ad-142-filtro-aceite.png,"Filtro de aceite Partmo AD-142, referencia AD-142, equivalencia 51094 / 59209",98590929-Catalogo-de-Filtros-Diesel.pdf,6,ready
partmo-ad-232,AD-232,Filtro de aceite Partmo AD-232,Partmo,AD-232,51431,Filtros de aceite,"Filtro Aceite Flujo Dual Camiones y Microbuses Iveco, Equipos Fiat 4748410",/catalogo-filtros-diesel/partmo-ad-232-filtro-aceite.png,"Filtro de aceite Partmo AD-232, referencia AD-232, equivalencia 51431",98590929-Catalogo-de-Filtros-Diesel.pdf,6,ready
partmo-ad-2700,AD-2700,Filtro de aceite Partmo AD-2700,Partmo,AD-2700,57521,Filtros de aceite,Filtro Aceite Flujo Dual Motores Isuzu Ref. 8971482700,/catalogo-filtros-diesel/partmo-ad-2700-filtro-aceite.png,"Filtro de aceite Partmo AD-2700, referencia AD-2700, equivalencia 57521",98590929-Catalogo-de-Filtros-Diesel.pdf,6,ready
partmo-ad-3000,AD-3000,Filtro de aceite Partmo AD-3000,Partmo,AD-3000,51748,Filtros de aceite,"Filtro Aceite Flujo Dual Motores Cummins: L-10, Lt-10A",/catalogo-filtros-diesel/partmo-ad-3000-filtro-aceite.png,"Filtro de aceite Partmo AD-3000, referencia AD-3000, equivalencia 51748",98590929-Catalogo-de-Filtros-Diesel.pdf,6,ready
partmo-ad-324,AD-324,Filtro de aceite Partmo AD-324,Partmo,AD-324,51741,Filtros de aceite,Filtro Aceite Flujo Dual Combinadas y Cargadores CASE,/catalogo-filtros-diesel/partmo-ad-324-filtro-aceite.png,"Filtro de aceite Partmo AD-324, referencia AD-324, equivalencia 51741",98590929-Catalogo-de-Filtros-Diesel.pdf,7,ready
partmo-ad-325,AD-325,Filtro de aceite Partmo AD-325,Partmo,AD-325,51429,Filtros de aceite,Filtro Aceite Flujo Dual Iveco: Camiones Euro Cargo 150E23/8060TCA/150E27/8360TCA,/catalogo-filtros-diesel/partmo-ad-325-filtro-aceite.png,"Filtro de aceite Partmo AD-325, referencia AD-325, equivalencia 51429",98590929-Catalogo-de-Filtros-Diesel.pdf,7,ready
partmo-ad-7029,AD-7029,Filtro de aceite Partmo AD-7029,Partmo,AD-7029,51369,Filtros de aceite,"Filtro Aceite Flujo Dual Daihatsu: Delta y Super Delta V126, V128",/catalogo-filtros-diesel/partmo-ad-7029-filtro-aceite.png,"Filtro de aceite Partmo AD-7029, referencia AD-7029, equivalencia 51369",98590929-Catalogo-de-Filtros-Diesel.pdf,7,ready
partmo-ad-7041,AD-7041,Filtro de aceite Partmo AD-7041,Partmo,AD-7041,51673,Filtros de aceite,Filtro Aceite Flujo Dual Chevrolet NPR 100,/catalogo-filtros-diesel/partmo-ad-7041-filtro-aceite.png,"Filtro de aceite Partmo AD-7041, referencia AD-7041, equivalencia 51673",98590929-Catalogo-de-Filtros-Diesel.pdf,7,ready
partmo-ad-7095,AD-7095,Filtro de aceite Partmo AD-7095,Partmo,AD-7095,51809,Filtros de aceite,Filtro Aceite Flujo Dual Thermokin; Unidades de refrigeración Super Li Sr; Sb lii Max,/catalogo-filtros-diesel/partmo-ad-7095-filtro-aceite.png,"Filtro de aceite Partmo AD-7095, referencia AD-7095, equivalencia 51809",98590929-Catalogo-de-Filtros-Diesel.pdf,7,ready
partmo-ad-7105,AD-7105,Filtro de aceite Partmo AD-7105,Partmo,AD-7105,57080,Filtros de aceite,Filtro Aceite Flujo Dual Hino Busetas Fb 4J,/catalogo-filtros-diesel/partmo-ad-7105-filtro-aceite.png,"Filtro de aceite Partmo AD-7105, referencia AD-7105, equivalencia 57080",98590929-Catalogo-de-Filtros-Diesel.pdf,7,ready
partmo-ad-7158,AD-7158,Filtro de aceite Partmo AD-7158,Partmo,AD-7158,57034,Filtros de aceite,Filtro Aceite Flujo Dual Excavadoras Caterpillar 311,/catalogo-filtros-diesel/partmo-ad-7158-filtro-aceite.png,"Filtro de aceite Partmo AD-7158, referencia AD-7158, equivalencia 57034",98590929-Catalogo-de-Filtros-Diesel.pdf,7,ready
partmo-ad-7166,AD-7166,Filtro de aceite Partmo AD-7166,Partmo,AD-7166,51673 / 51833,Filtros de aceite,"Filtro Aceite Flujo Dual camiones GMC, Motores Isuzu NPR (01-2)",/catalogo-filtros-diesel/partmo-ad-7166-filtro-aceite.png,"Filtro de aceite Partmo AD-7166, referencia AD-7166, equivalencia 51673 / 51833",98590929-Catalogo-de-Filtros-Diesel.pdf,7,ready
partmo-ad-9001,AD-9001,Filtro de aceite Partmo AD-9001,Partmo,AD-9001,57746,Filtros de aceite,"Filtro Aceite Flujo Dual Kenworth Tractocamión T2000, W900L-W / CUM ISX",,"Filtro de aceite Partmo AD-9001, referencia AD-9001, equivalencia 57746",98590929-Catalogo-de-Filtros-Diesel.pdf,8,missing-source-image
partmo-ar-17,AR-17,Filtro de aceite Partmo AR-17,Partmo,AR-17,51459,Filtros de aceite,Filtro Aceite Flujo Completo Tractores y Combinadas Massey Ferguson / Perkins,/catalogo-filtros-diesel/partmo-ar-17-filtro-aceite.png,"Filtro de aceite Partmo AR-17, referencia AR-17, equivalencia 51459",98590929-Catalogo-de-Filtros-Diesel.pdf,8,ready
partmo-ar-29,AR-29,Filtro de aceite Partmo AR-29,Partmo,AR-29,51758,Filtros de aceite,Filtro Aceite Flujo Completo Tractores Jhon Deere 7020 y Case W10,/catalogo-filtros-diesel/partmo-ar-29-filtro-aceite.png,"Filtro de aceite Partmo AR-29, referencia AR-29, equivalencia 51758",98590929-Catalogo-de-Filtros-Diesel.pdf,8,ready
partmo-a-91t1,A-91T1,Filtro hidráulico Partmo A-91T1,Partmo,A-91T1,51861,Filtros hidráulicos,"Filtro Aceite Hidráulico John Deere Buldozer 750B, 850B",/catalogo-filtros-diesel/partmo-a-91t1-filtro-hidraulico.png,"Filtro hidráulico Partmo A-91T1, referencia A-91T1, equivalencia 51861",98590929-Catalogo-de-Filtros-Diesel.pdf,8,ready
partmo-a-1480,A-1480,Filtro de aceite Partmo A-1480,Partmo,A-1480,57400,Filtros de aceite,Filtro Aceite Flujo Completo Hino Sencillo,/catalogo-filtros-diesel/partmo-a-1480-filtro-aceite.png,"Filtro de aceite Partmo A-1480, referencia A-1480, equivalencia 57400",98590929-Catalogo-de-Filtros-Diesel.pdf,8,ready
partmo-a-299,A-299,Filtro de aceite Partmo A-299,Partmo,A-299,,Filtros de aceite,"Filtro Aceite Flujo Completo Equipos Internacional / Dt360, Combinada 1440 / Inc Dt360",/catalogo-filtros-diesel/partmo-a-299-filtro-aceite.png,"Filtro de aceite Partmo A-299, referencia A-299",98590929-Catalogo-de-Filtros-Diesel.pdf,8,ready
partmo-a-50,A-50,Filtro de aceite Partmo A-50,Partmo,A-50,51050,Filtros de aceite,Filtro Aceite Flujo Parcial Massey Ferguson Tractor Cargador Mf20C; Mf30B,/catalogo-filtros-diesel/partmo-a-50-filtro-aceite.png,"Filtro de aceite Partmo A-50, referencia A-50, equivalencia 51050",98590929-Catalogo-de-Filtros-Diesel.pdf,8,ready
partmo-ad-4271,AD-4271,Filtro de aceite Partmo AD-4271,Partmo,AD-4271,,Filtros de aceite,"Filtro Aceite Flujo Dual Isuzu: Busetas, Microbuses y Camiones Pequeños NKR 2001",/catalogo-filtros-diesel/partmo-ad-4271-filtro-aceite.png,"Filtro de aceite Partmo AD-4271, referencia AD-4271",98590929-Catalogo-de-Filtros-Diesel.pdf,8,ready
partmo-pm-197,PM-197,Filtro de aceite Partmo PM-197,Partmo,PM-197,51133,Filtros de aceite,Filtro Aceite Flujo Completo Chevrolet Buses y Camiones 1962/74 V-8 Diesel,/catalogo-filtros-diesel/partmo-pm-197-filtro-aceite.png,"Filtro de aceite Partmo PM-197, referencia PM-197, equivalencia 51133",98590929-Catalogo-de-Filtros-Diesel.pdf,8,ready
partmo-pm-5s484,PM-5S484,Filtro de aceite Partmo PM-5S484,Partmo,PM-5S484,51161,Filtros de aceite,Filtro Aceite Flujo Completo Motores Caterpillar 1673,/catalogo-filtros-diesel/partmo-pm-5s484-filtro-aceite.png,"Filtro de aceite Partmo PM-5S484, referencia PM-5S484, equivalencia 51161",98590929-Catalogo-de-Filtros-Diesel.pdf,9,ready
partmo-pm-53103e,PM-53103E,Filtro de aceite Partmo PM-53103E,Partmo,PM-53103E,51599,Filtros de aceite,Filtro Aceite Flujo Completo Bus Mitsubishi. Rp-118,/catalogo-filtros-diesel/partmo-pm-53103e-filtro-aceite.png,"Filtro de aceite Partmo PM-53103E, referencia PM-53103E, equivalencia 51599",98590929-Catalogo-de-Filtros-Diesel.pdf,9,ready
partmo-pm-54236e,PM-54236E,Filtro de aceite Partmo PM-54236E,Partmo,PM-54236E,51599 / md054236,Filtros de aceite,Filtro Aceite Flujo Parcial Bus Mitsubishi. Rp-118,/catalogo-filtros-diesel/partmo-pm-54236e-filtro-aceite.png,"Filtro de aceite Partmo PM-54236E, referencia PM-54236E, equivalencia 51599 / md054236",98590929-Catalogo-de-Filtros-Diesel.pdf,9,ready
partmo-a-1218,A-1218,Filtro de combustible Partmo A-1218,Partmo,A-1218,2991585,Filtros de combustible,"Filtro Combustible Secundario Iveco Camiones Serie 400E30, 400E34/8210, 42, 8460, 41",/catalogo-filtros-diesel/partmo-a-1218-filtro-combustible.png,"Filtro de combustible Partmo A-1218, referencia A-1218, equivalencia 2991585",98590929-Catalogo-de-Filtros-Diesel.pdf,9,ready
partmo-a-150f,A-150F,Filtro de combustible Partmo A-150F,Partmo,A-150F,33216,Filtros de combustible,"Filtro Combustible Secundario Camiones Mack/673, 675; Mack 483-Gb-431",/catalogo-filtros-diesel/partmo-a-150f-filtro-combustible.png,"Filtro de combustible Partmo A-150F, referencia A-150F, equivalencia 33216",98590929-Catalogo-de-Filtros-Diesel.pdf,9,ready
partmo-a-1p2299,A-1P2299,Filtro de combustible Partmo A-1P2299,Partmo,A-1P2299,33352,Filtros de combustible,Filtro Combustible Principal Chevrolet Kodiak,/catalogo-filtros-diesel/partmo-a-1p2299-filtro-combustible.png,"Filtro de combustible Partmo A-1P2299, referencia A-1P2299, equivalencia 33352",98590929-Catalogo-de-Filtros-Diesel.pdf,9,ready
partmo-a-1r0751,A-1R0751,Filtro de combustible Partmo A-1R0751,Partmo,A-1R0751,33377,Filtros de combustible,Filtro Combustible Principal Chevrolet Kodiak Modelo 96,/catalogo-filtros-diesel/partmo-a-1r0751-filtro-combustible.png,"Filtro de combustible Partmo A-1R0751, referencia A-1R0751, equivalencia 33377",98590929-Catalogo-de-Filtros-Diesel.pdf,9,ready
partmo-a-23,A-23,Filtro de combustible Partmo A-23,Partmo,A-23,33109,Filtros de combustible,Filtro Combustible Principal Equipos Cummins,/catalogo-filtros-diesel/partmo-a-23-filtro-combustible.png,"Filtro de combustible Partmo A-23, referencia A-23, equivalencia 33109",98590929-Catalogo-de-Filtros-Diesel.pdf,9,ready
partmo-a-23l-39,A-23L/39,Filtro de combustible Partmo A-23L/39,Partmo,A-23L/39,33341,Filtros de combustible,Filtro Combustible Primario Tractores Internacional Hervester Hydro 70,/catalogo-filtros-diesel/partmo-a-23l-39-filtro-combustible.png,"Filtro de combustible Partmo A-23L/39, referencia A-23L/39, equivalencia 33341",98590929-Catalogo-de-Filtros-Diesel.pdf,10,ready
partmo-a-292,A-292,Filtro de combustible Partmo A-292,Partmo,A-292,33399,Filtros de combustible,Filtro Combustible Principal Mitsubishi Canter,/catalogo-filtros-diesel/partmo-a-292-filtro-combustible.png,"Filtro de combustible Partmo A-292, referencia A-292, equivalencia 33399",98590929-Catalogo-de-Filtros-Diesel.pdf,10,ready
partmo-a-243004,A-243004,Filtro de combustible Partmo A-243004,Partmo,A-243004,,Filtros de combustible,"Filtro Combustible Principal Compactadores Clarck Mod Sv-70, Rs-80, Rw-80….",/catalogo-filtros-diesel/partmo-a-243004-filtro-combustible.png,"Filtro de combustible Partmo A-243004, referencia A-243004",98590929-Catalogo-de-Filtros-Diesel.pdf,10,ready
partmo-a-30,A-30,Filtro de combustible Partmo A-30,Partmo,A-30,33212,Filtros de combustible,"Filtro Combustible Secundario Mack 475, 477B, E4-210, 673, 675, 676, 711, 865, 866",/catalogo-filtros-diesel/partmo-a-30-filtro-combustible.png,"Filtro de combustible Partmo A-30, referencia A-30, equivalencia 33212",98590929-Catalogo-de-Filtros-Diesel.pdf,10,ready
partmo-a-31,A-31,Filtro de combustible Partmo A-31,Partmo,A-31,33219,Filtros de combustible,"Filtro Combustible Primario Mack 475, 477B, E4-210, 673, 675, 676, 711, 865, 866",/catalogo-filtros-diesel/partmo-a-31-filtro-combustible.png,"Filtro de combustible Partmo A-31, referencia A-31, equivalencia 33219",98590929-Catalogo-de-Filtros-Diesel.pdf,10,ready
partmo-a-33358,A-33358,Filtro de combustible Partmo A-33358,Partmo,A-33358,33358,Filtros de combustible,"Filtro Combustible Principal Deutz tractores / EsF3L812D; DI750 VOLVO, IVECO",/catalogo-filtros-diesel/partmo-a-33358-filtro-combustible.png,"Filtro de combustible Partmo A-33358, referencia A-33358, equivalencia 33358",98590929-Catalogo-de-Filtros-Diesel.pdf,10,ready
partmo-a-33358l,A-33358L,Filtro de combustible Partmo A-33358L,Partmo,A-33358L,33373,Filtros de combustible,"Filtro Combustible Principal Deutz tractores / EsF3L812d; DI750 VOLVO, IVECO",/catalogo-filtros-diesel/partmo-a-33358l-filtro-combustible.png,"Filtro de combustible Partmo A-33358L, referencia A-33358L, equivalencia 33373",98590929-Catalogo-de-Filtros-Diesel.pdf,10,ready
partmo-a-336,A-336,Filtro de combustible Partmo A-336,Partmo,A-336,33336,Filtros de combustible,"Filtro Combustible Secundario Camiones Case 453/D360/1460/1480 y Dt436,Galio,Hercules",/catalogo-filtros-diesel/partmo-a-336-filtro-combustible.png,"Filtro de combustible Partmo A-336, referencia A-336, equivalencia 33336",98590929-Catalogo-de-Filtros-Diesel.pdf,10,ready
partmo-a-3726,A-3726,Filtro de combustible Partmo A-3726,Partmo,A-3726,33396,Filtros de combustible,Filtro Combustible Principal Asia Combi Am 815,/catalogo-filtros-diesel/partmo-a-3726-filtro-combustible.png,"Filtro de combustible Partmo A-3726, referencia A-3726, equivalencia 33396",98590929-Catalogo-de-Filtros-Diesel.pdf,10,ready
partmo-a-4053,A-4053,Filtro de combustible Partmo A-4053,Partmo,A-4053,33393,Filtros de combustible,Filtro Combustible Primario Camiones Chevrolet NPR-NA 5.9L,/catalogo-filtros-diesel/partmo-a-4053-filtro-combustible.png,"Filtro de combustible Partmo A-4053, referencia A-4053, equivalencia 33393",98590929-Catalogo-de-Filtros-Diesel.pdf,10,ready
partmo-a-4054,A-4054,Filtro de combustible Partmo A-4054,Partmo,A-4054,33386,Filtros de combustible,Filtro Combustible Secundario Camiones Chevrolet NPR-NA 5.9L,/catalogo-filtros-diesel/partmo-a-4054-filtro-combustible.png,"Filtro de combustible Partmo A-4054, referencia A-4054, equivalencia 33386",98590929-Catalogo-de-Filtros-Diesel.pdf,11,ready
partmo-a-44,A-44,Filtro de combustible Partmo A-44,Partmo,A-44,33354,Filtros de combustible,Filtro Combustible Secundario Tractores CASE 530,/catalogo-filtros-diesel/partmo-a-44-filtro-combustible.png,"Filtro de combustible Partmo A-44, referencia A-44, equivalencia 33354",98590929-Catalogo-de-Filtros-Diesel.pdf,11,ready
partmo-a-4047,A-4047,Filtro de combustible Partmo A-4047,Partmo,A-4047,,Filtros de combustible,Filtro Combustible Principal Camperos Daihatsu Diesel,/catalogo-filtros-diesel/partmo-a-4047-filtro-combustible.png,"Filtro de combustible Partmo A-4047, referencia A-4047",98590929-Catalogo-de-Filtros-Diesel.pdf,11,ready
partmo-a-4618310,A-4618310,Filtro de combustible Partmo A-4618310,Partmo,A-4618310,33281,Filtros de combustible,"Filtro Combustible Principal Cargadores Fiat, Allis, FI-9, FI-14",/catalogo-filtros-diesel/partmo-a-4618310-filtro-combustible.png,"Filtro de combustible Partmo A-4618310, referencia A-4618310, equivalencia 33281",98590929-Catalogo-de-Filtros-Diesel.pdf,11,ready
partmo-a-48mc,A-48MC,Filtro de combustible Partmo A-48MC,Partmo,A-48MC,24347,Filtros de combustible,Filtro Combustible Principal tractores Volvo y Bolinder 600,/catalogo-filtros-diesel/partmo-a-48mc-filtro-combustible.png,"Filtro de combustible Partmo A-48MC, referencia A-48MC, equivalencia 24347",98590929-Catalogo-de-Filtros-Diesel.pdf,11,ready
partmo-a-56670,A-56670,Filtro de combustible Partmo A-56670,Partmo,A-56670,33505 / 33525,Filtros de combustible,"Filtro Combustible Principal Cargadores Frontal Mitsubishi Furukawa FK617, FM617-657",/catalogo-filtros-diesel/partmo-a-56670-filtro-combustible.png,"Filtro de combustible Partmo A-56670, referencia A-56670, equivalencia 33505 / 33525",98590929-Catalogo-de-Filtros-Diesel.pdf,11,ready
partmo-a-588,A-588,Filtro de combustible Partmo A-588,Partmo,A-588,33336,Filtros de combustible,Filtro Combustible Secundario Motor IHC- 466A,/catalogo-filtros-diesel/partmo-a-588-filtro-combustible.png,"Filtro de combustible Partmo A-588, referencia A-588, equivalencia 33336",98590929-Catalogo-de-Filtros-Diesel.pdf,11,ready
partmo-a-596,A-596,Filtro de combustible Partmo A-596,Partmo,A-596,33116,Filtros de combustible,"Filtro Combustible Principal Cummins Motores VTA 28, Vt12- 635GS/GC",/catalogo-filtros-diesel/partmo-a-596-filtro-combustible.png,"Filtro de combustible Partmo A-596, referencia A-596, equivalencia 33116",98590929-Catalogo-de-Filtros-Diesel.pdf,11,ready
partmo-a-614,A-614,Filtro de combustible Partmo A-614,Partmo,A-614,33374 / 33674 / 1R1712,Filtros de combustible,"Filtro Combustible Principal Caterpillar: Equipos 3176, 3176B, 3406C, 3406E",/catalogo-filtros-diesel/partmo-a-614-filtro-combustible.png,"Filtro de combustible Partmo A-614, referencia A-614, equivalencia 33374 / 33674 / 1R1712",98590929-Catalogo-de-Filtros-Diesel.pdf,11,ready
partmo-a-70010,A-70010,Filtro de combustible Partmo A-70010,Partmo,A-70010,24006,Filtros de combustible,Filtro Combustible Principal Surtidores Cim- Tek 700 10,/catalogo-filtros-diesel/partmo-a-70010-filtro-combustible.png,"Filtro de combustible Partmo A-70010, referencia A-70010, equivalencia 24006",98590929-Catalogo-de-Filtros-Diesel.pdf,11,ready
partmo-a-70015,A-70015,Filtro de combustible Partmo A-70015,Partmo,A-70015,24029,Filtros de combustible,"Filtro Combustible Principal Surtidores Gilbarco, Cim-Tek 400- 10, 700-15",/catalogo-filtros-diesel/partmo-a-70015-filtro-combustible.png,"Filtro de combustible Partmo A-70015, referencia A-70015, equivalencia 24029",98590929-Catalogo-de-Filtros-Diesel.pdf,12,ready
partmo-a-7602,A-7602,Filtro de combustible Partmo A-7602,Partmo,A-7602,33398,Filtros de combustible,Filtro Combustible Primario Chevrolet Isuzu 7.2,/catalogo-filtros-diesel/partmo-a-7602-filtro-combustible.png,"Filtro de combustible Partmo A-7602, referencia A-7602, equivalencia 33398",98590929-Catalogo-de-Filtros-Diesel.pdf,12,ready
partmo-a-7632,A-7632,Filtro de combustible Partmo A-7632,Partmo,A-7632,33377,Filtros de combustible,Filtro Combustible Principal Chevrolet Kodiak Modelo 96 en adelante,/catalogo-filtros-diesel/partmo-a-7632-filtro-combustible.png,"Filtro de combustible Partmo A-7632, referencia A-7632, equivalencia 33377",98590929-Catalogo-de-Filtros-Diesel.pdf,12,ready
partmo-a-7653,A-7653,Filtro de combustible Partmo A-7653,Partmo,A-7653,33690 / BF7653,Filtros de combustible,"Filtro Combustible Principal Volvo, Camiones White GMC",/catalogo-filtros-diesel/partmo-a-7653-filtro-combustible.png,"Filtro de combustible Partmo A-7653, referencia A-7653, equivalencia 33690 / BF7653",98590929-Catalogo-de-Filtros-Diesel.pdf,12,ready
partmo-a-7656,A-7656,Filtro de combustible Partmo A-7656,Partmo,A-7656,33588,Filtros de combustible,"Filtro Combustible Primario Mack: Camiones CH613, CX613, W E7-460",/catalogo-filtros-diesel/partmo-a-7656-filtro-combustible.png,"Filtro de combustible Partmo A-7656, referencia A-7656, equivalencia 33588",98590929-Catalogo-de-Filtros-Diesel.pdf,12,ready
partmo-a-7657,A-7657,Filtro de combustible Partmo A-7657,Partmo,A-7657,33587,Filtros de combustible,Filtro Combustible Secundario Motores Mack Che7Eup,/catalogo-filtros-diesel/partmo-a-7657-filtro-combustible.png,"Filtro de combustible Partmo A-7657, referencia A-7657, equivalencia 33587",98590929-Catalogo-de-Filtros-Diesel.pdf,12,ready
partmo-a-783,A-783,Filtro de combustible Partmo A-783,Partmo,A-783,33281,Filtros de combustible,"Filtro Combustible Secundario Fiat: Tractores 8365, 1580 Camion 150 Troaro R124Ca",/catalogo-filtros-diesel/partmo-a-783-filtro-combustible.png,"Filtro de combustible Partmo A-783, referencia A-783, equivalencia 33281",98590929-Catalogo-de-Filtros-Diesel.pdf,12,ready
partmo-a-8059,A-8059,Filtro de combustible Partmo A-8059,Partmo,A-8059,20430751,Filtros de combustible,"Filtro Combustible Secundario Mack Camiones CTP713, CXP613 / MP7",/catalogo-filtros-diesel/partmo-a-8059-filtro-combustible.png,"Filtro de combustible Partmo A-8059, referencia A-8059, equivalencia 20430751",98590929-Catalogo-de-Filtros-Diesel.pdf,12,ready
partmo-a-85,A-85,Filtro de combustible Partmo A-85,Partmo,A-85,33384,Filtros de combustible,Filtro Combustible Principal Caterpillar Motoniveladoras 93U,/catalogo-filtros-diesel/partmo-a-85-filtro-combustible.png,"Filtro de combustible Partmo A-85, referencia A-85, equivalencia 33384",98590929-Catalogo-de-Filtros-Diesel.pdf,12,ready
partmo-a-888,A-888,Filtro de combustible Partmo A-888,Partmo,A-888,33336 / 33237,Filtros de combustible,Filtro Combustible Secundario Camiones International,/catalogo-filtros-diesel/partmo-a-888-filtro-combustible.png,"Filtro de combustible Partmo A-888, referencia A-888, equivalencia 33336 / 33237",98590929-Catalogo-de-Filtros-Diesel.pdf,12,ready
partmo-a-96,A-96,Filtro de combustible Partmo A-96,Partmo,A-96,33118,Filtros de combustible,"Filtro Combustible Primario Motores General Detroit Diesel, Series 2-53, 3-53, 4-51 Brigadier-SuperBrigadier",/catalogo-filtros-diesel/partmo-a-96-filtro-combustible.png,"Filtro de combustible Partmo A-96, referencia A-96, equivalencia 33118",98590929-Catalogo-de-Filtros-Diesel.pdf,12,ready
partmo-a-96c,A-96C,Filtro de combustible Partmo A-96C,Partmo,A-96C,33121,Filtros de combustible,"Filtro Combustible Primario Chevrolet C-70, B-60 Diesel",/catalogo-filtros-diesel/partmo-a-96c-filtro-combustible.png,"Filtro de combustible Partmo A-96C, referencia A-96C, equivalencia 33121",98590929-Catalogo-de-Filtros-Diesel.pdf,13,ready
partmo-a-97,A-97,Filtro de combustible Partmo A-97,Partmo,A-97,33120,Filtros de combustible,Filtro Combustible Secundario Chevrolet Superbrigadier / Detroit Diesel 6V-92T,/catalogo-filtros-diesel/partmo-a-97-filtro-combustible.png,"Filtro de combustible Partmo A-97, referencia A-97, equivalencia 33120",98590929-Catalogo-de-Filtros-Diesel.pdf,13,ready
partmo-a-97c,A-97C,Filtro de combustible Partmo A-97C,Partmo,A-97C,33122,Filtros de combustible,Filtro Combustible Secundario Chevrolet B- 60 y C-70,/catalogo-filtros-diesel/partmo-a-97c-filtro-combustible.png,"Filtro de combustible Partmo A-97C, referencia A-97C, equivalencia 33122",98590929-Catalogo-de-Filtros-Diesel.pdf,13,ready
partmo-as-103sp,AS-103SP,Filtro de combustible Partmo AS-103SP,Partmo,AS-103SP,CAMIONES JAC,Filtros de combustible,Filtro Combustible Camiones JAC,/catalogo-filtros-diesel/partmo-as-103sp-filtro-combustible.png,"Filtro de combustible Partmo AS-103SP, referencia AS-103SP, equivalencia CAMIONES JAC",98590929-Catalogo-de-Filtros-Diesel.pdf,13,ready
partmo-pm-194-0,PM-194-0,Filtro de combustible Partmo PM-194-0,Partmo,PM-194-0,"CAMIONES FSR, FVR, FTR",Filtros de combustible,"Filtro Combustible Secundario Chevrolet Isuzu Buses CHR 7,2; Lv150",/catalogo-filtros-diesel/partmo-pm-194-0-filtro-combustible.png,"Filtro de combustible Partmo PM-194-0, referencia PM-194-0, equivalencia CAMIONES FSR, FVR, FTR",98590929-Catalogo-de-Filtros-Diesel.pdf,13,ready
partmo-pmx-750r,PMX-750R,Filtro de combustible Partmo PMX-750R,Partmo,PMX-750R,51750,Filtros de combustible,FILTRO COMBUSTIBLE ELEMENTO INDUSTRIAL,,"Filtro de combustible Partmo PMX-750R, referencia PMX-750R, equivalencia 51750",98590929-Catalogo-de-Filtros-Diesel.pdf,13,missing-source-image
partmo-p-346-1,P-346/1,Filtro de combustible Partmo P-346/1,Partmo,P-346/1,33196,Filtros de combustible,"Filtro Combustible Principal David Brown, Case, John Deere, Massey Feguson",/catalogo-filtros-diesel/partmo-p-346-1-filtro-combustible.png,"Filtro de combustible Partmo P-346/1, referencia P-346/1, equivalencia 33196",98590929-Catalogo-de-Filtros-Diesel.pdf,13,ready
partmo-p-346p,P-346P,Filtro de combustible Partmo P-346P,Partmo,P-346P,33166,Filtros de combustible,"Filtro Combustible Principal David Brown, Case, John Deere, Massey Feguson",/catalogo-filtros-diesel/partmo-p-346p-filtro-combustible.png,"Filtro de combustible Partmo P-346P, referencia P-346P, equivalencia 33166",98590929-Catalogo-de-Filtros-Diesel.pdf,13,ready
partmo-a-1205,A-1205,Filtro separador agua/combustible Partmo A-1205,Partmo,A-1205,33417,Separadores agua/combustible,Filtro Separador Agua Combustible Racor R-26A15 (Clayson) 840,/catalogo-filtros-diesel/partmo-a-1205-filtro-separador-agua-combustible.png,"Filtro separador agua/combustible Partmo A-1205, referencia A-1205, equivalencia 33417",98590929-Catalogo-de-Filtros-Diesel.pdf,14,ready
partmo-a-1212,A-1212,Filtro separador agua/combustible Partmo A-1212,Partmo,A-1212,33405,Separadores agua/combustible,Filtro Separador Agua Combustible Motores Cummins,/catalogo-filtros-diesel/partmo-a-1212-filtro-separador-agua-combustible.png,"Filtro separador agua/combustible Partmo A-1212, referencia A-1212, equivalencia 33405",98590929-Catalogo-de-Filtros-Diesel.pdf,14,ready
partmo-a-1217,A-1217,Filtro separador agua/combustible Partmo A-1217,Partmo,A-1217,1908547,Separadores agua/combustible,Filtro Separador Agua Combustible Iveco Camión Serie 400E30/400E34/8210/42/8460/41,/catalogo-filtros-diesel/partmo-a-1217-filtro-separador-agua-combustible.png,"Filtro separador agua/combustible Partmo A-1217, referencia A-1217, equivalencia 1908547",98590929-Catalogo-de-Filtros-Diesel.pdf,14,ready
partmo-a-1226l,A-1226L,Filtro separador agua/combustible Partmo A-1226L,Partmo,A-1226L,25011691,Separadores agua/combustible,Filtro Separador Agua Combustible Chevrolet Corsa Taxi Diesel 1.7,/catalogo-filtros-diesel/partmo-a-1226l-filtro-separador-agua-combustible.png,"Filtro separador agua/combustible Partmo A-1226L, referencia A-1226L, equivalencia 25011691",98590929-Catalogo-de-Filtros-Diesel.pdf,14,ready
partmo-a-1256,A-1256,Filtro separador agua/combustible Partmo A-1256,Partmo,A-1256,33589,Separadores agua/combustible,Filtro Separador Agua Combustible Mack Motores CH; E7 EUP,/catalogo-filtros-diesel/partmo-a-1256-filtro-separador-agua-combustible.png,"Filtro separador agua/combustible Partmo A-1256, referencia A-1256, equivalencia 33589",98590929-Catalogo-de-Filtros-Diesel.pdf,14,ready
partmo-a-1259,A-1259,Filtro separador agua/combustible Partmo A-1259,Partmo,A-1259,,Separadores agua/combustible,Filtro Separador Agua Combustible Motor Cummins; Freightliner Dx / Caterpillar C15,,"Filtro separador agua/combustible Partmo A-1259, referencia A-1259",98590929-Catalogo-de-Filtros-Diesel.pdf,14,missing-source-image
partmo-a-1345,A-1345,Filtro separador agua/combustible Partmo A-1345,Partmo,A-1345,33232 / R43,Separadores agua/combustible,Filtro Separador Agua Combustible Camiones International DT-360 / DT-466,/catalogo-filtros-diesel/partmo-a-1345-filtro-separador-agua-combustible.png,"Filtro separador agua/combustible Partmo A-1345, referencia A-1345, equivalencia 33232 / R43",98590929-Catalogo-de-Filtros-Diesel.pdf,14,ready
partmo-a-243004d,A-243004D,Filtro separador agua/combustible Partmo A-243004D,Partmo,A-243004D,BF-1221 / MP-4102,Separadores agua/combustible,Filtro Separador Agua Combustible Camiones Fiat 673N Diesel,/catalogo-filtros-diesel/partmo-a-243004d-filtro-separador-agua-combustible.png,"Filtro separador agua/combustible Partmo A-243004D, referencia A-243004D, equivalencia BF-1221 / MP-4102",98590929-Catalogo-de-Filtros-Diesel.pdf,14,ready
partmo-a-43,A-43,Filtro separador agua/combustible Partmo A-43,Partmo,A-43,33353,Separadores agua/combustible,"Filtro Separador Agua Combustible Primario CASE Tractores: 530, 770, 850, 870, 970",/catalogo-filtros-diesel/partmo-a-43-filtro-separador-agua-combustible.png,"Filtro separador agua/combustible Partmo A-43, referencia A-43, equivalencia 33353",98590929-Catalogo-de-Filtros-Diesel.pdf,14,ready
partmo-a-5813,A-5813,Filtro separador agua/combustible Partmo A-5813,Partmo,A-5813,33418,Separadores agua/combustible,"Filtro Separador Agua Combustible Motores Detroit Diesel, Kodiak",/catalogo-filtros-diesel/partmo-a-5813-filtro-separador-agua-combustible.png,"Filtro separador agua/combustible Partmo A-5813, referencia A-5813, equivalencia 33418",98590929-Catalogo-de-Filtros-Diesel.pdf,14,ready
partmo-as-1441sp,AS-1441SP,Filtro separador agua/combustible Partmo AS-1441SP,Partmo,AS-1441SP,R-60P / 33775,Separadores agua/combustible,Filtro Separador Agua Combustible Primario Agrale Motor MWM; Hino; Freghtiliner,/catalogo-filtros-diesel/partmo-as-1441sp-filtro-separador-agua-combustible.png,"Filtro separador agua/combustible Partmo AS-1441SP, referencia AS-1441SP, equivalencia R-60P / 33775",98590929-Catalogo-de-Filtros-Diesel.pdf,15,ready
partmo-a-787,A-787,Filtro separador agua/combustible Partmo A-787,Partmo,A-787,33357,Separadores agua/combustible,"Filtro Separador Agua Combustible Motores Case, Cummins",/catalogo-filtros-diesel/partmo-a-787-filtro-separador-agua-combustible.png,"Filtro separador agua/combustible Partmo A-787, referencia A-787, equivalencia 33357",98590929-Catalogo-de-Filtros-Diesel.pdf,15,ready
partmo-a-915,A-915,Filtro separador agua/combustible Partmo A-915,Partmo,A-915,24348,Separadores agua/combustible,Filtro Separador Agua Combustible Surtidores de Combustible,/catalogo-filtros-diesel/partmo-a-915-filtro-separador-agua-combustible.png,"Filtro separador agua/combustible Partmo A-915, referencia A-915, equivalencia 24348",98590929-Catalogo-de-Filtros-Diesel.pdf,15,ready
partmo-as-3202sp,AS-3202SP,Filtro separador agua/combustible Partmo AS-3202SP,Partmo,AS-3202SP,R-3202,Separadores agua/combustible,Filtro Separador Agua Combustible Primario RACOR Equipos R3202S,/catalogo-filtros-diesel/partmo-as-3202sp-filtro-separador-agua-combustible.png,"Filtro separador agua/combustible Partmo AS-3202SP, referencia AS-3202SP, equivalencia R-3202",98590929-Catalogo-de-Filtros-Diesel.pdf,15,ready
partmo-as-950sp,AS-950SP,Filtro separador agua/combustible Partmo AS-950SP,Partmo,AS-950SP,FS-3242,Separadores agua/combustible,Filtro Separador Agua Combustible Camionetas y Busetas Volkswagen,/catalogo-filtros-diesel/partmo-as-950sp-filtro-separador-agua-combustible.png,"Filtro separador agua/combustible Partmo AS-950SP, referencia AS-950SP, equivalencia FS-3242",98590929-Catalogo-de-Filtros-Diesel.pdf,15,ready
partmo-as-4057sp,AS-4057SP,Filtro separador agua/combustible Partmo AS-4057SP,Partmo,AS-4057SP,LFF8958,Separadores agua/combustible,Filtro Separador Agua Combustible Equipos Ford Diesel - Jhon Deere,/catalogo-filtros-diesel/partmo-as-4057sp-filtro-separador-agua-combustible.png,"Filtro separador agua/combustible Partmo AS-4057SP, referencia AS-4057SP, equivalencia LFF8958",98590929-Catalogo-de-Filtros-Diesel.pdf,15,ready
partmo-as-4654sp,AS-4654SP,Filtro separador agua/combustible Partmo AS-4654SP,Partmo,AS-4654SP,R-60P / 33775,Separadores agua/combustible,Filtro Separador Agua/Combustible Volvo FH12-16,/catalogo-filtros-diesel/partmo-as-4654sp-filtro-separador-agua-combustible.png,"Filtro separador agua/combustible Partmo AS-4654SP, referencia AS-4654SP, equivalencia R-60P / 33775",98590929-Catalogo-de-Filtros-Diesel.pdf,15,ready
partmo-as-7301sp,AS-7301SP,Filtro separador agua/combustible Partmo AS-7301SP,Partmo,AS-7301SP,33411,Separadores agua/combustible,Filtro Separador Agua Combustible Primario Camiones Mercedes Benz Accelo,/catalogo-filtros-diesel/partmo-as-7301sp-filtro-separador-agua-combustible.png,"Filtro separador agua/combustible Partmo AS-7301SP, referencia AS-7301SP, equivalencia 33411",98590929-Catalogo-de-Filtros-Diesel.pdf,15,ready
partmo-as-r90tsp,AS-R90TSP,Filtro separador agua/combustible Partmo AS-R90TSP,Partmo,AS-R90TSP,RACOR R90T,Separadores agua/combustible,"Filtro Separador Agua Combustible Camiones Hino Serie GD, GH",/catalogo-filtros-diesel/partmo-as-r90tsp-filtro-separador-agua-combustible.png,"Filtro separador agua/combustible Partmo AS-R90TSP, referencia AS-R90TSP, equivalencia RACOR R90T",98590929-Catalogo-de-Filtros-Diesel.pdf,15,ready
partmo-a-1c,A-1C,Filtro separador agua/combustible Partmo A-1C,Partmo,A-1C,,Separadores agua/combustible,Filtro Separador Agua Combustible Camiones FIAT,/catalogo-filtros-diesel/partmo-a-1c-filtro-separador-agua-combustible.png,"Filtro separador agua/combustible Partmo A-1C, referencia A-1C",98590929-Catalogo-de-Filtros-Diesel.pdf,15,ready
partmo-a-570d,A-570D,Filtro separador agua/combustible Partmo A-570D,Partmo,A-570D,,Separadores agua/combustible,Filtro Separador Agua Combustible Kia Besta. Kia Ceres. Asia Hu Topic,/catalogo-filtros-diesel/partmo-a-570d-filtro-separador-agua-combustible.png,"Filtro separador agua/combustible Partmo A-570D, referencia A-570D",98590929-Catalogo-de-Filtros-Diesel.pdf,16,ready
partmo-a-7674sp,A-7674SP,Filtro separador agua/combustible Partmo A-7674SP,Partmo,A-7674SP,33532,Separadores agua/combustible,Filtro Separador Agua/Combustible Secundario Perkins Motores 1006-6Tw,/catalogo-filtros-diesel/partmo-a-7674sp-filtro-separador-agua-combustible.png,"Filtro separador agua/combustible Partmo A-7674SP, referencia A-7674SP, equivalencia 33532",98590929-Catalogo-de-Filtros-Diesel.pdf,16,ready
partmo-ap-3501,AP-3501,Filtro de aire Partmo AP-3501,Partmo,AP-3501,46429,Filtros de aire,"Filtro Aire Interno Ford 7000, 8000",/catalogo-filtros-diesel/partmo-ap-3501-filtro-aire.png,"Filtro de aire Partmo AP-3501, referencia AP-3501, equivalencia 46429",98590929-Catalogo-de-Filtros-Diesel.pdf,16,ready
partmo-ap-2680,AP-2680,Filtro de aire Partmo AP-2680,Partmo,AP-2680,46882 / 57MD42,Filtros de aire,Filtro Aire Principal Camiones Mack serie CH,/catalogo-filtros-diesel/partmo-ap-2680-filtro-aire.png,"Filtro de aire Partmo AP-2680, referencia AP-2680, equivalencia 46882 / 57MD42",98590929-Catalogo-de-Filtros-Diesel.pdf,16,ready
